Timestamp,Voltaje_V,Corriente_A,Potencia_W,Frecuenca_Hz
2026-09-22 20:39:42,120,5,600,60
2026-09-22 20:39:45,120,5,600,60
2026-09-22 20:39:48,120,5,600,60
2026-09-22 20:39:51,120,5,600,60
2026-09-22 20:39:54,120,5,600,60
2026-09-22 20:39:57,120,5,600,60
2026-09-22 20:40:00,120,5,600,60
2026-09-22 20:40:03,120,5,600,60
2026-09-22 20:40:06,120,5,600,60
2026-09-22 20:40:09,120,5,600,60
2026-09-22 20:40:12,120,5,600,60
2026-09-22 21:39:28,120,5,600,60
2026-09-22 21:39:31,120,5,600,60
2026-09-22 21:39:34,120,5,600,60
2026-09-22 21:39:37,120,5,600,60
2026-09-22 21:39:40,120,5,600,60
2026-09-22 21:39:43,120,5,600,60
2026-09-22 21:39:46,120,5,600,60
2026-09-22 21:39:49,120,5,600,60
2026-09-22 21:39:52,120,5,600,60
2026-09-22 21:39:55,120,5,600,60
2026-09-22 21:39:58,120,5,600,60
2026-09-22 21:40:01,120,5,600,60
2026-09-22 21:40:04,120,5,600,60
2026-09-22 23:21:21,120,5,600,60
2026-09-22 23:21:24,120,5,600,60
2026-09-22 23:21:27,120,5,600,60
2026-09-22 23:21:30,120,5,600,60
2026-09-22 23:21:33,120,5,600,60
2026-09-22 23:21:36,120,5,600,60
2026-09-22 23:21:39,120,5,600,60
2026-09-22 23:21:42,120,5,600,60
2026-09-22 23:21:45,120,5,600,60
2026-09-22 23:21:48,120,5,600,60
2026-09-22 23:21:51,120,5,600,60
2026-09-22 23:21:54,120,5,600,60
2026-09-22 23:21:57,120,5,600,60
2026-09-22 23:22:00,120,5,600,60
2026-09-22 23:22:03,120,5,600,60
2026-09-22 23:22:06,120,5,600,60
2026-09-22 23:22:09,120,5,600,60
2026-09-22 23:22:12,120,5,600,60
2026-09-22 23:22:15,120,5,600,60
2026-09-22 23:22:18,120,5,600,60
2026-09-22 23:22:21,120,5,600,60
2026-09-23 00:06:37,120,5,600,60
2026-09-23 00:06:40,120,5,600,60
2026-09-23 00:06:43,120,5,600,60
2026-09-23 00:06:46,120,5,600,60
2026-09-23 00:07:49,120,5,600,60
2026-09-23 00:07:52,120,5,600,60
2026-09-23 00:07:55,120,5,600,60
2026-09-23 00:07:58,120,5,600,60
2026-09-23 00:08:01,120,5,600,60
2026-09-23 00:08:04,120,5,600,60
2026-09-23 00:08:07,120,5,600,60
2026-09-23 00:08:10,120,5,600,60
2026-09-23 00:08:13,120,5,600,60
2026-09-23 00:13:29,120,5,600,60
2026-09-23 00:13:32,120,5,600,60
2026-09-23 00:13:35,120,5,600,60
2026-09-23 00:13:38,120,5,600,60
2026-09-23 00:20:38,120,5,600,60
2026-09-23 00:20:41,120,5,600,60
2026-09-23 00:20:44,120,5,600,60
2026-09-23 00:20:47,120,5,600,60
2026-09-23 00:54:54,120,5,600,60
2026-09-23 00:54:57,120,5,600,60
2026-09-23 00:55:00,120,5,600,60
2026-09-23 00:55:03,120,5,600,60
2026-09-23 00:55:06,120,5,600,60
2026-09-23 00:55:09,120,5,600,60
2026-09-23 00:55:12,120,5,600,60
2026-09-23 00:55:15,120,5,600,60
2026-09-23 00:55:18,120,5,600,60
2026-09-23 00:55:21,120,5,600,60
2026-09-23 00:55:24,120,5,600,60
2026-09-23 00:55:27,120,5,600,60
2026-09-23 00:55:30,120,5,600,60
2026-09-23 00:55:33,120,5,600,60
2026-09-23 00:55:36,120,5,600,60
2026-09-23 00:55:39,120,5,600,60
2026-09-23 00:55:42,120,5,600,60
2026-09-23 00:55:45,120,5,600,60
2026-09-23 00:55:48,120,5,600,60
2026-09-23 00:55:51,120,5,600,60
2026-09-23 00:55:54,120,5,600,60
2026-09-23 00:55:57,120,5,600,60
2026-09-23 00:56:00,120,5,600,60
2026-09-23 00:56:03,120,5,600,60
2026-09-23 00:56:06,120,5,600,60
2026-09-23 00:56:09,120,5,600,60
2026-09-23 00:56:12,120,5,600,60
2026-09-23 00:56:15,120,5,600,60
2026-09-23 00:56:18,120,5,600,60
2026-09-23 00:56:21,120,5,600,60
2026-09-23 00:56:24,120,5,600,60
2026-09-23 00:56:27,120,5,600,60
2026-09-23 00:56:30,120,5,600,60
2026-09-23 00:59:28,120,5,600,60
2026-09-23 00:59:31,120,5,600,60
2026-09-23 00:59:34,120,5,600,60
2026-09-23 00:59:37,120,5,600,60
2026-09-23 00:59:40,120,5,600,60
2026-09-23 00:59:43,120,5,600,60
2026-09-23 00:59:46,120,5,600,60
2026-09-23 00:59:49,120,5,600,60
2026-09-23 00:59:52,120,5,600,60
2026-09-23 00:59:55,120,5,600,60
2026-09-23 00:59:58,120,5,600,60
2026-09-23 01:00:01,120,5,600,60
2026-09-23 01:00:04,120,5,600,60
2026-09-23 01:00:07,120,5,600,60
2026-09-23 01:00:10,120,5,600,60
2026-09-23 01:00:13,120,5,600,60
2026-09-23 01:00:16,120,5,600,60
2026-09-23 01:00:19,120,5,600,60
2026-09-23 01:00:22,120,5,600,60
2026-09-23 01:00:25,120,5,600,60
2026-09-23 01:00:28,120,5,600,60
2026-09-23 01:00:31,120,5,600,60
2026-09-23 01:00:34,120,5,600,60
2026-09-23 01:00:37,120,5,600,60
2026-09-23 01:00:40,120,5,600,60
2026-09-23 01:00:43,120,5,600,60
2026-09-23 01:00:46,120,5,600,60
2026-09-23 01:00:49,120,5,600,60
2026-09-23 01:00:52,120,5,600,60
2026-09-23 01:00:55,120,5,600,60
2026-09-23 01:00:58,120,5,600,60
2026-09-23 01:01:01,120,5,600,60
2026-09-23 01:01:04,120,5,600,60
2026-09-23 01:01:07,120,5,600,60
2026-09-23 01:01:10,120,5,600,60
2026-09-23 01:01:13,120,5,600,60
2026-09-23 01:01:16,120,5,600,60
2026-09-23 01:01:19,120,5,600,60
2026-09-23 01:01:22,120,5,600,60
2026-09-23 01:01:25,120,5,600,60
2026-09-23 01:01:28,120,5,600,60
2026-09-23 01:01:31,120,5,600,60
2026-09-23 01:01:34,120,5,600,60
2026-09-23 01:01:37,120,5,600,60
2026-09-23 01:01:40,120,5,600,60
2026-09-23 01:01:43,120,5,600,60
2026-09-23 01:01:46,120,5,600,60
2026-09-23 01:01:49,120,5,600,60
2026-09-23 01:01:52,120,5,600,60
2026-09-23 01:01:55,120,5,600,60
2026-09-23 01:01:58,120,5,600,60
2026-09-23 01:02:01,120,5,600,60
2026-09-23 01:02:04,120,5,600,60
2026-09-23 01:37:02,122,4,488,61
2026-09-23 01:37:05,119,6,714,60
2026-09-23 01:37:08,149,15,2235,60
2026-09-23 01:37:11,119,4,476,60
2026-09-23 01:37:14,118,4,472,59
2026-09-23 01:37:17,120,4,480,61
2026-09-23 01:37:31,118,4,472,60
2026-09-23 01:37:34,119,6,714,60
2026-09-23 01:37:37,122,6,732,60
2026-09-23 01:37:40,119,5,595,59
2026-09-23 01:37:43,120,5,600,60
2026-09-23 01:37:46,118,5,590,60
2026-09-23 01:37:49,118,4,472,59
2026-09-23 01:37:52,122,5,610,61
2026-09-23 01:37:55,154,12,1848,59
2026-09-23 01:37:58,121,4,484,60
2026-09-23 01:38:01,119,4,476,60
2026-09-23 01:38:04,119,5,595,60
2026-09-23 01:38:07,148,13,1924,60
2026-09-23 01:38:10,120,6,720,61
2026-09-23 01:38:13,122,4,488,59
2026-09-23 01:38:16,148,18,2664,60
2026-09-23 01:38:19,122,5,610,60
2026-09-23 01:38:22,121,4,484,60
2026-09-23 01:38:25,118,6,708,61
2026-09-23 01:38:28,122,6,732,59
2026-09-23 01:38:31,148,16,2368,61
2026-09-23 01:38:34,151,14,2114,61
2026-09-23 01:38:37,122,6,732,59
2026-09-23 01:38:40,119,4,476,60
2026-09-23 01:38:43,121,5,605,60
2026-09-23 01:38:46,122,4,488,60
2026-09-23 01:38:49,119,6,714,59
2026-09-23 01:38:52,119,4,476,60
2026-09-23 01:38:55,139,13,1807,60
2026-09-23 01:38:58,120,6,720,61
2026-09-23 01:39:01,120,5,600,61
2026-09-23 01:39:04,119,4,476,61
2026-09-23 01:39:07,144,13,1872,61
2026-09-23 01:39:10,118,4,472,60
2026-09-23 01:39:13,120,4,480,59
2026-09-23 01:39:16,118,5,590,59
2026-09-23 01:39:19,120,4,480,59
2026-09-23 01:39:22,119,4,476,61
2026-09-23 01:39:25,122,4,488,59
2026-09-23 01:39:28,121,5,605,59
2026-09-23 01:39:31,120,5,600,60
2026-09-23 01:39:34,120,6,720,60
2026-09-23 01:39:37,120,6,720,60
2026-09-23 01:39:40,119,6,714,60
2026-09-23 01:39:43,118,5,590,60
2026-09-23 01:39:46,119,5,595,60
2026-09-23 01:39:49,122,6,732,60
2026-09-23 01:39:52,121,5,605,60
2026-09-23 01:39:55,121,6,726,60
2026-09-23 01:39:58,120,5,600,60
2026-09-23 01:40:01,119,6,714,60
2026-09-23 01:40:04,119,4,476,60
2026-09-23 01:40:07,120,5,600,61
2026-09-23 01:40:10,138,12,1656,60
2026-09-23 01:40:13,119,6,714,60
2026-09-23 01:40:16,151,13,1963,60
2026-09-23 01:40:19,120,6,720,60
2026-09-23 01:40:22,118,6,708,61
2026-09-23 01:40:25,120,6,720,61
2026-09-23 01:40:28,122,5,610,60
2026-09-23 01:40:31,149,13,1937,60
2026-09-23 01:40:34,120,6,720,60
2026-09-23 01:40:37,143,12,1716,61
2026-09-23 01:40:40,118,5,590,60
2026-09-23 01:40:43,118,4,472,61
2026-09-23 01:40:46,118,4,472,60
2026-09-23 01:40:49,121,6,726,60
